,name,homepage,github_id,category,show,github_url,license,created_at,updated_at,last_commit_pushed_at,fork_count,open_issue_count,closed_issue_count,star_count,latest_stable_release_published_at,latest_stable_release_number,release_count,description,dependent_project_count,github_dependent_project_count,contributor_count,projectrank,projectrank_placing,commit_count,image,trending,github_release_downloads,monthly_downloads,updated_github_id
0,ðŸ¤— Datasets Viewer,https://huggingface.co/datasets/viewer/,huggingface/datasets,nlp,True,https://github.com/huggingface/datasets,Apache-2.0,2020-03-26 09:23:22,2024-05-17 16:22:27,2024-05-17 16:22:27,2472.0,620.0,2146.0,18535.0,2024-05-06 09:40:13,2.19.1,86.0,"The largest hub of ready-to-use datasets for ML models with fast, easy-to-use and efficient data manipulation tools.",49113.0,49113.0,562.0,27,1,,,,,,
1,Taming Transformers,https://github.com/CompVis/taming-transformers,CompVis/taming-transformers,cv,True,https://github.com/CompVis/taming-transformers,MIT,2020-12-17 14:47:06,2024-04-25 11:58:51,2022-11-07 20:00:25,1061.0,136.0,74.0,5428.0,,,,"Taming Transformers for High-Resolution Image Synthesis, CVPR 2021 (Oral).",479.0,479.0,8.0,18,1,96.0,,,,,
2,HiPlot,https://facebookresearch.github.io/hiplot/tuto_streamlit.html,facebookresearch/hiplot,extension,True,https://github.com/facebookresearch/hiplot,MIT,2019-11-08 13:06:41,2024-01-10 07:43:27,2023-07-19 07:40:10,137.0,16.0,73.0,2705.0,2021-11-04 14:24:43,0.1.32,7.0,HiPlot makes understanding high dimensional data easy.,404.0,404.0,9.0,17,2,,https://assets.website-files.com/5dc3b47ddc6c0c2a1af74ad0/5efcfd29b5f47b2e77291252_Screen%20Recording%202020-07-01%20at%2006.08%20PM.gif,-1.0,,,
3,Traingenerator,https://traingenerator.jrieke.com/,jrieke/traingenerator,ml,True,https://github.com/jrieke/traingenerator,MIT,2020-12-03 16:47:16,2023-08-23 08:35:09,2022-06-30 14:05:23,178.0,7.0,3.0,1345.0,,,,A web app to generate template code for machine learning.,,,3.0,12,1,,https://github.com/jrieke/traingenerator/raw/main/docs/assets/demo.gif,,,,
4,WebRTC,https://streamlit-webrtc-example.herokuapp.com/,whitphx/streamlit-webrtc,extension,True,https://github.com/whitphx/streamlit-webrtc,MIT,2021-01-04 14:13:24,2024-05-20 02:56:57,2024-05-20 02:56:57,166.0,67.0,129.0,1204.0,2024-03-05 14:12:37,0.47.6,55.0,"Real-time video and audio streams over the network, with Streamlit.",3373.0,3373.0,5.0,21,1,,https://aws1.discourse-cdn.com/business7/uploads/streamlit/original/2X/a/af111a7393c77cb69d7712ac8e71ca862feaeb24.gif,2.0,12.0,0.0,
5,Udacity Self-driving Car,https://share.streamlit.io/streamlit/demo-self-driving,streamlit/demo-self-driving,demo,True,https://github.com/streamlit/demo-self-driving,Apache-2.0,2019-09-06 21:02:45,2024-04-27 13:50:00,2022-06-22 11:57:28,432.0,2.0,9.0,1149.0,,,,Streamlit app demonstrating an image browser for the Udacity self-driving-car dataset with realtime object detection..,,,15.0,14,1,117.0,https://assets.website-files.com/5eb1d49f3ed8c28a5a54769f/5ed15d93ea8434e97414e47f_5e1115140227d02d6777adcb_AV_website_large.gif,,,,
6,AgGrid,https://share.streamlit.io/pablocfonseca/streamlit-aggrid/main/example.py,PablocFonseca/streamlit-aggrid,extension,True,https://github.com/PablocFonseca/streamlit-aggrid,MIT,2020-12-17 22:57:06,2024-05-06 23:04:28,2024-05-06 23:04:10,181.0,51.0,179.0,956.0,,,,AgGrid is an awesome grid for web frontend.,4914.0,4914.0,22.0,19,1,,https://github.com/PablocFonseca/streamlit-aggrid/raw/main/group_selection_example.gif,2.0,,,
7,spaCy,https://share.streamlit.io/ines/spacy-streamlit-demo/master/app.py,explosion/spacy-streamlit,extension,True,https://github.com/explosion/spacy-streamlit,MIT,2020-06-23 11:00:08,2023-08-02 15:01:10,2023-08-02 15:01:10,114.0,4.0,21.0,767.0,2023-04-25 09:43:58,1.0.6,12.0,spaCy building blocks and visualizers for Streamlit apps.,,,14.0,13,3,85.0,https://user-images.githubusercontent.com/13643239/85388081-f2da8700-b545-11ea-9bd4-e303d3c5763c.png,-2.0,,,
8,Drawable Canvas,https://share.streamlit.io/andfanilo/streamlit-drawable-canvas-demo/master/app.py,andfanilo/streamlit-drawable-canvas,extension,True,https://github.com/andfanilo/streamlit-drawable-canvas,MIT,2020-05-10 15:37:54,2024-04-27 14:22:54,2023-06-05 17:12:43,78.0,45.0,61.0,528.0,2023-06-05 17:14:33,0.9.3,2.0,"Do you like Quick, Draw? Well what if you could train/predict doodles drawn inside Streamlit? Also draws lines,..",1688.0,1688.0,10.0,18,1,,https://github.com/andfanilo/streamlit-drawable-canvas/raw/develop/img/demo.gif,-1.0,,,
9,ECharts,https://share.streamlit.io/andfanilo/streamlit-echarts-demo/master/app.py,andfanilo/streamlit-echarts,extension,True,https://github.com/andfanilo/streamlit-echarts,MIT,2020-05-04 17:10:16,2023-03-07 06:25:08,2023-02-20 08:26:29,58.0,14.0,15.0,487.0,2021-12-12 13:38:44,0.4.0,1.0,A Streamlit component to render ECharts.,914.0,914.0,7.0,16,2,,https://github.com/andfanilo/streamlit-echarts/raw/develop/img/demo.gif,,,,
10,Annotated Text,https://github.com/tvst/st-annotated-text,tvst/st-annotated-text,extension,True,https://github.com/tvst/st-annotated-text,Apache-2.0,2020-08-02 21:15:25,2023-09-07 17:57:50,2023-09-07 17:55:55,38.0,12.0,18.0,477.0,2023-09-07 17:57:50,4.0.1,1.0,A simple component to display annotated text in Streamlit apps.,3037.0,3037.0,6.0,17,2,43.0,https://assets.website-files.com/5dc3d949429c1addc4f8dac2/5f47a38cd2fa4ae6e089154c_annotated-text.jpg,,,,
11,Cheat Sheet,https://share.streamlit.io/daniellewisdl/streamlit-cheat-sheet/master/app.py,daniellewisDL/streamlit-cheat-sheet,non-ml,True,https://github.com/daniellewisDL/streamlit-cheat-sheet,MIT,2020-08-14 04:58:15,2023-08-20 23:05:46,2023-08-20 23:05:46,453.0,5.0,3.0,434.0,,,,A cheat sheet for streamlit.,,,5.0,12,1,88.0,https://github.com/daniellewisDL/streamlit-cheat-sheet/raw/master/streamlit-cheat-sheet.png,,,,
12,FastAPI Model Serving,https://github.com/davidefiocco/streamlit-fastapi-model-serving,davidefiocco/streamlit-fastapi-model-serving,ml,True,https://github.com/davidefiocco/streamlit-fastapi-model-serving,MIT,2020-06-20 18:57:39,2024-02-12 12:31:46,2024-01-18 22:14:29,87.0,3.0,6.0,429.0,,,,Simple web app example serving a PyTorch model using streamlit and FastAPI.,,,4.0,10,3,,https://davidefiocco.github.io/images/2020-06-27-streamlit.png,-2.0,,,
13,Folium,https://share.streamlit.io/randyzwitch/streamlit-folium/examples/streamlit_app.py,randyzwitch/streamlit-folium,extension,True,https://github.com/randyzwitch/streamlit-folium,MIT,2020-07-17 16:13:51,2024-05-07 14:18:44,2024-05-07 14:18:43,149.0,14.0,76.0,417.0,2024-04-25 16:31:34,0.20.0,47.0,Streamlit Component for rendering Folium maps.,,,13.0,16,2,140.0,https://assets.website-files.com/5dc3d949429c1addc4f8dac2/5f1f0d5c15373567513a6b42_streamlit_folium_example.jpg,,,,
14,Agraph,https://github.com/ChrisChross/streamlit-agraph,ChrisChross/streamlit-agraph,extension,True,https://github.com/ChrisDelClea/streamlit-agraph,MIT,2020-10-28 23:36:42,2024-05-09 18:47:48,2024-05-09 18:47:48,46.0,18.0,33.0,345.0,,,,A Streamlit Graph Vis.,375.0,375.0,7.0,16,2,69.0,https://github.com/ChrisChross/streamlit-agraph/raw/master/imgs/example2.png,,,,ChrisDelClea/streamlit-agraph
15,Pandas Profiling,https://github.com/okld/streamlit-pandas-profiling,okld/streamlit-pandas-profiling,extension,True,https://github.com/okld/streamlit-pandas-profiling,MIT,2020-06-27 17:22:56,2024-03-04 14:55:03,2021-12-07 19:20:16,34.0,5.0,17.0,306.0,,,,Pandas profiling component for Streamlit.,,,2.0,10,3,,https://raw.githubusercontent.com/okld/streamlit-pandas-profiling/master/examples/streamlit_pandas_profiling_demo.gif,,,,
16,Uber Pickups in NYC,https://share.streamlit.io/streamlit/demo-uber-nyc-pickups/,streamlit/demo-uber-nyc-pickups,demo,True,https://github.com/streamlit/demo-uber-nyc-pickups,Apache-2.0,2019-09-18 18:00:32,2024-02-22 21:41:26,2023-03-13 14:08:06,324.0,3.0,11.0,299.0,,,,A Streamlit demo to interactively visualize Uber pickups in New York City.,,,18.0,11,3,,https://assets.website-files.com/5eb1d49f3ed8c28a5a54769f/5ed15d215b6f4928a0997155_5e1115200227d0333277addb_uber_website_large.gif,,,,
17,Insight,https://github.com/abhimishra91/insight,abhimishra91/insight,nlp,True,https://github.com/abhimishra91/insight,GPL-3.0,2020-07-07 07:26:08,2023-02-14 21:37:17,2021-06-15 04:34:46,43.0,4.0,4.0,298.0,,,,Repository for Project Insight: NLP as a Service.,,,2.0,9,2,128.0,https://github.com/abhimishra91/insight/raw/master/meta/streamlit-NLPfiy.gif,,,,
18,Face-GAN Explorer,https://share.streamlit.io/streamlit/demo-face-gan/,streamlit/demo-face-gan,demo,True,https://github.com/streamlit/demo-face-gan,Apache-2.0,2020-02-03 17:15:17,2023-04-21 20:52:37,2023-03-21 17:03:02,164.0,4.0,28.0,294.0,,,,A demonstration of using a live Tensorflow session to create an interactive face-GAN explorer.,,,14.0,12,2,87.0,https://assets.website-files.com/5eb1d49f3ed8c28a5a54769f/5ed14fdf59392828954fa44d_5e11152b0227d05a0277ae20_gan_website_large.gif,,,,
19,chime soundboard,http://chime-soundboard.herokuapp.com/,MaxHalford/chime,audio,True,https://github.com/MaxHalford/chime,MIT,2020-10-04 17:34:48,2023-03-06 22:25:50,2023-03-06 22:25:49,12.0,3.0,11.0,290.0,,,,Python sound notifications made easy.,159.0,159.0,6.0,12,1,,,,,,
20,Analytics,https://github.com/jrieke/streamlit-analytics,jrieke/streamlit-analytics,extension,True,https://github.com/jrieke/streamlit-analytics,MIT,2021-01-03 20:57:54,2024-03-30 07:57:48,2022-10-26 15:23:53,40.0,16.0,15.0,245.0,,,,Track & visualize user interactions with your streamlit app.,397.0,397.0,5.0,15,3,,https://github.com/jrieke/streamlit-analytics/raw/main/images/example.png,,,,
21,Ace,https://share.streamlit.io/okld/streamlit-ace/demo/,okld/streamlit-ace,extension,True,https://github.com/okld/streamlit-ace,MIT,2020-06-20 19:35:29,2023-12-16 22:02:14,2021-12-07 19:05:33,31.0,10.0,15.0,227.0,,,2.0,Ace editor component for Streamlit.,,,4.0,11,3,,https://raw.githubusercontent.com/okld/streamlit-ace/master/demo/streamlit_ace_demo.gif,,11.0,0.0,
22,MQTT Camera Streamer,https://github.com/robmarkcole/mqtt-camera-streamer,robmarkcole/mqtt-camera-streamer,cv,True,https://github.com/robmarkcole/mqtt-camera-streamer,GPL-3.0,2019-07-21 03:48:41,2024-01-12 17:48:24,2023-08-02 09:49:01,53.0,13.0,14.0,226.0,2021-04-18 08:53:52,0.8,8.0,"Stream images from a connected camera over MQTT, view using Streamlit, record to file and sqlite.",,,2.0,10,2,83.0,https://github.com/robmarkcole/mqtt-camera-streamer/raw/master/docs/images/viewer_usage.png,-1.0,,,
23,net2net,https://github.com/CompVis/net2net,CompVis/net2net,cv,True,https://github.com/CompVis/net2net,,2020-10-21 13:07:40,2022-12-20 12:11:14,2021-04-20 07:27:09,20.0,6.0,2.0,219.0,,,,Network-to-Network Translation with Conditional Invertible Neural Networks.,,,2.0,7,2,46.0,,,,,
24,Moseca,https://huggingface.co/spaces/fabiogra/moseca,fabiogra/moseca,audio,True,https://github.com/fabiogra/moseca,MIT,2023-02-27 21:47:25,2024-03-19 09:39:39,2023-09-23 08:18:12,22.0,3.0,4.0,206.0,2023-07-02 16:50:50,1.0.0,1.0,A Streamilt web app for music source separation & karaoke.,,,4.0,12,1,20.0,https://camo.githubusercontent.com/10a08c28d2d0588ab5a678a685e2b6479021785e90bbbe359d95800e22899d5a/68747470733a2f2f692e696d6775722e636f6d2f516f53643346672e676966,2.0,,,
25,ContainDS Dashboards,https://github.com/ideonate/cdsdashboards,ideonate/cdsdashboards,extension,True,https://github.com/ideonate/cdsdashboards,,2020-04-28 13:51:31,2024-04-10 13:45:27,2024-04-10 13:45:27,38.0,35.0,59.0,199.0,,,,JupyterHub extension for ContainDS Dashboards.,,,14.0,11,3,468.0,https://github.com/ideonate/cdsdashboards/raw/master/docs/_static/screenshots/AppCollage.png,,,,
26,Intent Example Finder,https://share.streamlit.io/rasahq/nlu-training-data/main,RasaHQ/NLU-training-data,nlp,True,https://github.com/RasaHQ/NLU-training-data,Apache-2.0,2019-10-30 13:48:33,2024-01-12 17:38:57,2021-08-16 07:32:35,120.0,3.0,17.0,191.0,,,,Crowd sourced training data for Rasa NLU models.,,,34.0,11,1,,https://github.com/RasaHQ/NLU-training-data/raw/main/dashboard.png,,,,
27,Graph App Kit,https://github.com/graphistry/graph-app-kit,graphistry/graph-app-kit,ml,True,https://github.com/graphistry/graph-app-kit,BSD-3-Clause,2020-08-18 22:02:45,2024-05-17 17:29:13,2024-04-08 21:33:18,19.0,29.0,17.0,176.0,,,,Go from graph data to a secure and interactive visual graph app in 15 minutes. Batteries-included self-hosting of..,,,11.0,12,1,408.0,https://user-images.githubusercontent.com/4249447/92298596-8e518600-eeff-11ea-8276-069281a4af93.png,,,,
28,Cropper,https://github.com/turner-anderson/streamlit-cropper,turner-anderson/streamlit-cropper,extension,True,https://github.com/turner-anderson/streamlit-cropper,MIT,2020-08-22 19:47:57,2024-05-07 08:17:49,2023-10-05 06:46:45,25.0,6.0,17.0,172.0,2023-10-05 06:43:51,0.2.2,2.0,A simple image cropper for Streamlit.,263.0,263.0,4.0,18,1,32.0,https://github.com/turner-anderson/streamlit-cropper/raw/master/img/demo.gif,4.0,,,
29,3dmol,https://github.com/napoles-uach/streamlit_3dmol,napoles-uach/streamlit_3dmol,extension,True,https://github.com/napoles-uach/stmol,MIT,2020-07-29 19:00:23,2023-12-06 15:50:28,2023-12-06 15:50:28,28.0,6.0,11.0,169.0,,,,This project aims to provide an easy way to create a web app for interacting with molecular structures using Streamlit.,347.0,347.0,7.0,16,2,160.0,https://assets.website-files.com/5dc3d949429c1addc4f8dac2/5f341f27935a5c69dd31edff_stmol_image.jpg,2.0,,,napoles-uach/stmol
30,Lottie,https://share.streamlit.io/andfanilo/streamlit-lottie-demo/master/app.py,andfanilo/streamlit-lottie,extension,True,https://github.com/andfanilo/streamlit-lottie,Apache-2.0,2020-11-15 22:58:44,2023-06-05 13:53:10,2023-06-05 13:51:53,18.0,6.0,3.0,153.0,2023-06-05 13:53:42,0.0.5,2.0,Streamlit component to render Lottie animations.,4072.0,4072.0,3.0,17,2,,https://assets.website-files.com/5dc3d949429c1addc4f8dac2/5ff89ebd92caec4726522fd7_Streamlit-Logo-Animation-1000100.gif,,,,
31,Bokeh Events,https://github.com/ash2shukla/streamlit-bokeh-events,ash2shukla/streamlit-bokeh-events,extension,True,https://github.com/ash2shukla/streamlit-bokeh-events,MIT,2020-07-18 21:27:06,2022-03-20 13:15:12,2022-03-20 13:15:12,27.0,6.0,6.0,149.0,,,,A streamlit component for bi-directional communication with bokeh plots.,723.0,723.0,4.0,15,3,32.0,https://github.com/ash2shukla/streamlit-bokeh-events/raw/master/assets/plots.gif,,,,
32,Year on Github,http://gh2020.jrieke.com/,jrieke/year-on-github,non-ml,True,https://github.com/jrieke/year-on-github,MIT,2020-12-20 16:18:16,2022-01-05 22:25:39,2022-01-05 22:25:36,7.0,,1.0,132.0,,,,Share your Github stats for 2020 on Twitter.,,,2.0,7,3,,https://github.com/jrieke/year-on-github/raw/main/images/demo.gif,,,,
33,Terran Timeline,https://github.com/pento-group/streamlit-terran-timeline/,pento-group/streamlit-terran-timeline,extension,True,https://github.com/pentoai/streamlit-terran-timeline,MIT,2020-08-05 14:54:15,2020-08-26 17:04:21,2020-08-26 17:04:20,11.0,3.0,1.0,121.0,,,,Using Terran for creating video timelines.,16.0,16.0,,11,3,24.0,https://raw.githubusercontent.com/pento-group/streamlit-terran-timeline/master/resources/animation.gif,,,,pentoai/streamlit-terran-timeline
34,Torchserve Dashboard,https://github.com/cceyda/torchserve-dashboard,cceyda/torchserve-dashboard,ml,True,https://github.com/cceyda/torchserve-dashboard,,2020-09-29 08:49:32,2023-01-31 09:55:36,2023-01-31 09:55:35,9.0,6.0,4.0,120.0,2022-08-01 12:55:40,0.6.0,11.0,Management Dashboard for Torchserve.,,,3.0,8,3,,https://github.com/cceyda/torchserve-dashboard/raw/master/assets/dashboard_demo.gif,,,,
35,Finance Chart,https://streamlit-finance-chart.herokuapp.com/,paduel/streamlit_finance_chart,business,True,https://github.com/paduel/streamlit_finance_chart,GPL-3.0,2019-10-21 18:27:09,2022-07-06 20:19:53,2019-10-22 16:58:45,42.0,,1.0,118.0,,,,This app is a simple example of using Strealit to create a financial data web app.,,,,9,2,24.0,https://raw.githubusercontent.com/paduel/streamlit_finance_chart/master/sample.gif,,,,
36,Style transfer web app,https://github.com/amalshaji/style-transfer,amalshaji/style-transfer,cv,True,https://github.com/amalshaji/style-transfer,,2020-08-30 08:18:37,2024-01-12 17:57:32,2021-12-11 14:50:00,32.0,2.0,,116.0,,,,style transfer web app [FastAPI + streamlit + Docker].,,,4.0,7,2,19.0,,,,,
37,Timeline,https://www.innerdoc.com/nlp-timeline-demo/,innerdoc/streamlit-timeline,extension,True,https://github.com/innerdoc/streamlit-timeline,MIT,2021-02-10 08:06:30,2021-02-10 09:52:31,2021-02-10 09:52:21,13.0,3.0,2.0,112.0,,,,A simple Streamlit Component to display a Timeline in Streamlit apps. It integrates Knightlab's TimelineJS.,155.0,155.0,2.0,10,3,,https://github.com/innerdoc/streamlit-timeline/raw/main/example.png,,,,
38,Project Code,https://share.streamlit.io/gagan3012/project-code-py/app.py,gagan3012/project-code-py,non-ml,True,https://github.com/gagan3012/project-code-py,MIT,2021-03-03 14:11:33,2021-10-15 18:29:22,2021-10-15 18:29:22,20.0,5.0,2.0,105.0,,,,Leetcode using AI.,,,,9,2,105.0,https://user-images.githubusercontent.com/49101362/110356042-e69e4780-804a-11eb-94c6-a47fa3cd66b3.png,,,,
39,Object detection app,https://github.com/robmarkcole/object-detection-app,robmarkcole/object-detection-app,cv,True,https://github.com/robmarkcole/object-detection-app,Apache-2.0,2019-12-23 08:24:15,2021-10-12 23:11:10,2019-12-23 15:30:59,48.0,2.0,,97.0,2019-12-23 15:34:56,0.3,3.0,Simple object detection app with streamlit.,,,,10,2,14.0,https://github.com/robmarkcole/object-detection-app/raw/master/images/usage.jpg,,,,
40,Containerized App,https://github.com/collinprather/streamlit-docker,collinprather/streamlit-docker,non-ml,True,https://github.com/collinprather/streamlit-docker,,2020-02-24 22:23:24,2022-06-22 01:14:30,2021-05-01 23:39:18,29.0,,2.0,92.0,,,,Bare bones use-case for deploying a containerized web app (built in streamlit) on AWS.,,,,7,3,8.0,https://github.com/collinprather/streamlit-docker/raw/master/images/app.gif,,,,
41,Observable,https://streamlit-observable.herokuapp.com/,asg017/streamlit-observable,extension,True,https://github.com/asg017/streamlit-observable,MIT,2020-07-23 07:56:48,2022-07-16 09:29:39,2020-10-15 02:21:37,16.0,4.0,1.0,87.0,,,,Embed Observable notebooks into Streamlit apps!.,35.0,35.0,6.0,11,3,22.0,,,,,
42,Vega-Lite,https://github.com/domoritz/streamlit-vega-lite,domoritz/streamlit-vega-lite,extension,True,https://github.com/domoritz/streamlit-vega-lite,MIT,2020-09-02 16:53:49,2021-04-29 23:14:38,2021-04-29 23:14:38,5.0,8.0,8.0,86.0,,,,"A Streamlit component to render interactive Vega, Vega-Lite, and Altair visualizations and access the selected data..",53.0,53.0,4.0,12,3,37.0,https://github.com/domoritz/streamlit-vega-lite/raw/master/demo.gif,,,,
43,COCO Explorer,https://github.com/i008/COCO-dataset-explorer,i008/COCO-dataset-explorer,cv,True,https://github.com/i008/COCO-dataset-explorer,,2020-04-23 09:02:23,2022-04-13 19:06:39,2022-03-18 12:06:01,14.0,5.0,6.0,85.0,,,,Streamlit tool to explore coco datasets.,,,3.0,7,2,62.0,https://github.com/i008/COCO-dataset-explorer/raw/master/static/demo1.png,,,,
44,Player,https://share.streamlit.io/okld/streamlit-player-demo/main/app.py,okld/streamlit-player,extension,True,https://github.com/okld/streamlit-player,MIT,2020-12-10 17:02:22,2021-05-24 22:44:42,2021-05-24 22:44:22,19.0,6.0,5.0,84.0,,,,A streamlit component to embed video and music players from various websites.,554.0,554.0,,12,3,,https://raw.githubusercontent.com/okld/streamlit-player-demo/main/app.png,,,,
45,Goodreads App,https://share.streamlit.io/tylerjrichards/streamlit_goodreads_app/books.py,tylerjrichards/streamlit_goodreads_app,non-ml,True,https://github.com/tylerjrichards/streamlit_goodreads_app,,2020-09-30 00:46:41,2023-11-14 05:15:33,2023-11-14 05:15:31,102.0,1.0,11.0,79.0,,,,Analyzing Your Goodreads Reading Habits.,,,7.0,8,3,77.0,,,,,
46,Global cities explorer,https://github.com/asehmi/Data-Science-Meetup-Oxford/tree/master/GlobalCities,asehmi/Data-Science-Meetup-Oxford,business,True,https://github.com/asehmi/Data-Science-Meetup-Oxford,,2020-02-26 15:03:04,2022-09-21 08:49:46,2022-09-21 08:49:37,19.0,,2.0,78.0,,,,Content shared at DS-OX Meetup.,,,2.0,6,3,44.0,https://github.com/asehmi/Data-Science-Meetup-Oxford/raw/master/GCFS-streamlit.png,,,,
47,Auth0 with Next.js,https://github.com/asehmi/Data-Science-Meetup-Oxford/tree/master/StreamlitComponent,asehmi/Data-Science-Meetup-Oxford,extension,True,https://github.com/asehmi/Data-Science-Meetup-Oxford,,2020-02-26 15:03:04,2022-09-21 08:49:46,2022-09-21 08:49:37,19.0,,2.0,78.0,,,,Content shared at DS-OX Meetup.,,,2.0,6,3,44.0,https://github.com/asehmi/Data-Science-Meetup-Oxford/blob/master/StreamlitComponent/doc_images/streamlitcomponent_demo.gif,,,,
48,D3 Demo,https://github.com/andfanilo/streamlit-d3-demo,andfanilo/streamlit-d3-demo,extension,True,https://github.com/andfanilo/streamlit-d3-demo,MIT,2020-06-01 00:45:11,2020-07-06 17:09:20,2020-07-06 17:05:51,17.0,1.0,1.0,75.0,,,,D3 in React in Streamlit tech demo.,22.0,22.0,3.0,11,3,26.0,https://github.com/andfanilo/streamlit-d3-demo/raw/master/images/demo.gif,,,,
49,Wildfire Detection,https://github.com/yueureka/WildFireDetection,yueureka/WildFireDetection,cv,True,https://github.com/yueureka/WildFireDetection,CC0-1.0,2020-06-09 03:56:49,2024-02-25 13:27:10,2020-06-20 15:02:55,30.0,,1.0,66.0,,,,Using U-Net Model to Detect Wildfire from Satellite Imagery.,,,5.0,9,2,59.0,https://github.com/yueureka/WildFireDetection/raw/master/Pictures/App2.png,,,,
50,TechSEO Crawler,https://github.com/jroakes/tech-seo-crawler,jroakes/tech-seo-crawler,business,True,https://github.com/jroakes/tech-seo-crawler,MIT,2019-11-14 12:55:35,2023-02-11 01:22:08,2022-09-30 11:50:42,11.0,,,66.0,,,,"Build a small, 3 domain internet using Github pages and Wikipedia and construct a crawler to crawl, render, and index.",,,2.0,8,3,61.0,https://raw.githubusercontent.com/jroakes/tech-seo-crawler/master/etc/images/screenshot.png,,,,
51,Arup Social Data,https://share.streamlit.io/arup-group/eviction-data/run.py,arup-group/social-data,non-ml,True,https://github.com/arup-group/social-data,MIT,2020-08-10 13:42:29,2023-06-07 16:17:00,2023-06-07 16:16:25,30.0,6.0,4.0,65.0,,,,Code and data for eviction and housing analysis in the US.,,,11.0,11,1,252.0,,,,,
52,StockAnalysisApp,https://essential-stock-analysis.herokuapp.com/,antonio-catalano/StockAnalysisApp,business,True,https://github.com/antonio-catalano/StockAnalysisApp,Apache-2.0,2019-10-24 16:05:56,2019-11-13 01:04:19,2019-11-13 01:04:05,26.0,2.0,,63.0,,,,A stock analysis app with streamlit.,,,,10,1,22.0,,,,,
53,Time Series Forecasting,https://autoforecast-prophet.herokuapp.com/,zachrenwick/streamlit_forecasting_app,business,True,https://github.com/zachrenwick/streamlit_forecasting_app,MIT,2020-05-18 22:15:36,2024-01-12 17:47:56,2022-10-21 23:11:14,30.0,1.0,2.0,62.0,,,,This MVP data web app uses the Streamlit framework and Facebook's Prophet forecasting package to generate a dynamic..,,,3.0,10,1,36.0,https://github.com/zachrenwick/streamlit_forecasting_app/raw/master/images/screenshot2.jpg,,,,
54,Gravitational Wave App,https://share.streamlit.io/jkanner/streamlit-dataview/app.py,jkanner/streamlit-dataview,sci-tech,True,https://github.com/jkanner/streamlit-dataview,,2020-07-22 21:10:35,2024-03-19 15:59:22,2024-03-19 15:59:22,149.0,1.0,12.0,61.0,,,,Streamlit viewer for GW data.,,,5.0,10,1,76.0,https://assets.website-files.com/5dc3d949429c1addc4f8dac2/5fe3b32bb3d503528eac8707_image.jpg,,,,
55,Embedcode,https://share.streamlit.io/randyzwitch/streamlit-embedcode/examples/streamlit_app.py,randyzwitch/streamlit-embedcode,extension,True,https://github.com/randyzwitch/streamlit-embedcode,MIT,2020-06-30 16:21:26,2021-05-17 19:02:53,2021-05-17 18:58:59,10.0,1.0,2.0,57.0,2021-05-17 19:02:53,0.1.2,5.0,"Streamlit component for embedding code snippets such as GitHub gists, CodePen snippets, Gitlab snippets, etc.",2136.0,2136.0,2.0,15,3,26.0,https://assets.website-files.com/5dc3d949429c1addc4f8dac2/5f033ac45f3ead8fc901f3ac_gh_gist_example.png,,11.0,0.0,
56,Genetic Ancestry,http://ezancestry.herokuapp.com/,arvkevi/ezancestry,sci-tech,True,https://github.com/arvkevi/ezancestry,MIT,2020-05-11 00:45:27,2024-05-07 09:52:16,2024-05-07 09:52:12,10.0,5.0,13.0,56.0,2024-02-22 03:09:56,0.1.0,8.0,Easy genetic ancestry predictions in Python.,1.0,1.0,3.0,12,1,,https://github.com/arvkevi/ezancestry/raw/master/images/ezancestry.png,,,,
57,FarolCovid,https://farolcovid.coronacidades.org/,ImpulsoGov/farolcovid,sci-tech,True,https://github.com/ImpulsoGov/farolcovid,MIT,2020-04-01 20:48:15,2023-07-06 21:47:58,2022-06-23 18:16:11,17.0,11.0,36.0,55.0,,,,. Ferramenta de monitoramento do risco de colapso no sistema de sade em municpios brasileiros com a Covid-19..,,,19.0,10,1,1063.0,,,,,
58,Raylab,https://github.com/angelolovatto/raylab,angelolovatto/raylab,ml,True,https://github.com/0xangelo/raylab,MIT,2019-09-12 13:50:53,2024-05-03 20:24:54,2023-12-04 15:10:35,10.0,1.0,4.0,54.0,,,1.0,Reinforcement learning algorithms in RLlib.,2.0,2.0,7.0,12,1,2657.0,https://camo.githubusercontent.com/cec5409c95fcb5523288931681b52e607ff466407efb27820636d031042afb05/68747470733a2f2f692e696d6775722e636f6d2f625663365743352e706e67,,,,0xangelo/raylab
59,MiniClip,https://ganpaint.io/miniclip/,HendrikStrobelt/miniClip,cv,True,https://github.com/HendrikStrobelt/miniClip,Apache-2.0,2021-03-06 16:04:44,2021-03-08 11:43:23,2021-03-08 11:43:23,5.0,3.0,,46.0,,,,A quick demo to explore text descriptions and saliency maps for Clip models.,,,2.0,7,2,,https://raw.githubusercontent.com/HendrikStrobelt/miniClip/main/assets/miniclip_teaser.jpg?token=AAHIFTT5T6SXWBJMICS2OM3AJ44CA,,,,
60,Indian ALPR System,https://github.com/udaylunawat/Automatic-License-Plate-Recognition,udaylunawat/Automatic-License-Plate-Recognition,cv,True,https://github.com/udaylunawat/Automatic-License-Plate-Recognition,Apache-2.0,2020-05-14 08:10:04,2024-01-23 18:54:31,2024-01-23 18:54:31,8.0,2.0,,42.0,,,,Source code of ALPR (Automatic License Plate Recognition System).,,,2.0,9,2,201.0,https://camo.githubusercontent.com/d1ead79cb4338307cff2eb72ec89ec57da5e002feb9432c8b5a4586c730c2290/68747470733a2f2f6d656469612e67697068792e636f6d2f6d656469612f6944784d6970745976666a42714a786447792f67697068792e676966,,,,
61,Rick & Morty Generator,https://share.streamlit.io/e-tony/story_generator/main/app.py,e-tony/Story_Generator,nlp,True,https://github.com/e-tornike/Story_Generator,MIT,2020-10-26 20:53:41,2023-02-20 10:11:58,2023-02-20 10:11:57,8.0,,1.0,40.0,,,,A Streamlit web app that generates Rick and Morty stories using GPT2.,,,,8,2,,,,,,e-tornike/Story_Generator
62,Ask Me Anything,https://share.streamlit.io/apugoneappu/ask_me_anything/main.py,apugoneappu/ask_me_anything,cv,True,https://github.com/apugoneappu/ask_me_anything,,2020-10-16 21:28:14,2022-10-14 09:46:59,2022-10-14 09:46:59,10.0,1.0,4.0,40.0,,,,An easy-to-use app to visualise attentions of various VQA models.,,,3.0,7,2,115.0,https://github.com/apugoneappu/ask_me_anything/raw/master/assets/landing.png,,,,
63,Webapp Computer Vision,https://github.com/amineHY/WebApp-Computer-Vision-streamlit,amineHY/WebApp-Computer-Vision-streamlit,cv,True,https://github.com/amineHY/WebApp-Computer-Vision-streamlit,,2020-02-03 15:11:02,2022-10-08 17:08:40,2022-10-08 17:07:33,21.0,2.0,,39.0,,,,Computer Vision application in the web.,,,,7,2,6.0,https://github.com/amineHY/WebApp-Computer-Vision-streamlit/raw/master/media/preview_app.gif,,,,
64,EDA on Financial Dataset,https://github.com/bukosabino/streamlit-demo-financial-eda,bukosabino/streamlit-demo-financial-eda,business,True,https://github.com/bukosabino/streamlit-demo-financial-eda,Apache-2.0,2019-10-20 18:08:53,2020-03-17 08:33:14,2020-03-17 08:33:13,14.0,,1.0,38.0,,,,Automated Exploration Data Analysis on a financial dataset.,,,,8,3,14.0,,,,,
65,"Alph, The Sacred River",https://share.streamlit.io/thoppe/alph-the-sacred-river/main,thoppe/alph-the-sacred-river,cv,True,https://github.com/thoppe/alph-the-sacred-river,,2021-01-11 23:17:37,2023-05-10 23:15:29,2023-05-10 23:15:26,8.0,1.0,,38.0,,,,Combines poems and text using CLIP from OpenAI.,,,,6,3,,,,,,
66,Rhyme with AI,https://github.com/godatadriven/rhyme-with-ai,godatadriven/rhyme-with-ai,nlp,True,https://github.com/godatadriven/rhyme-with-ai,MIT,2019-12-23 16:10:59,2020-06-18 13:56:29,2020-06-18 13:56:24,11.0,1.0,,35.0,,,,Rhyme with AI.,,,2.0,7,3,15.0,https://github.com/godatadriven/rhyme-with-ai/raw/master/screenshot.gif,,,,
67,Image Classification App,https://github.com/smaranjitghose/img_ai_app_boilerplate,smaranjitghose/img_ai_app_boilerplate,cv,True,https://github.com/smaranjitghose/img_ai_app_boilerplate,MIT,2020-09-10 10:07:03,2021-03-28 11:52:14,2021-03-28 11:52:07,24.0,14.0,17.0,31.0,2021-01-27 14:23:07,0.0.1,1.0,An image classification app boilerplate to serve your deep learning models asap!.,,,7.0,11,1,94.0,,,,,
68,Whatsapp Chat Analyzer,https://whatsapp-chat-analyzer.herokuapp.com/,pcsingh/WhatsApp-Chat-Analyzer,non-ml,True,https://github.com/pcsingh/WhatsApp-Chat-Analyzer,MIT,2020-07-25 07:27:46,2023-07-24 20:47:35,2023-06-14 16:50:42,24.0,2.0,2.0,30.0,,,,WhatsApp Chat Analyzer is a WebApp and it can be used by anyone to analyze their chat.,,,4.0,10,2,86.0,https://github.com/pcsingh/WhatsApp-Chat-Analyzer/raw/master/assets/work.gif,,,,
69,Matplotlib Configurator,https://github.com/dhaitz/matplotlib-style-configurator,dhaitz/matplotlib-style-configurator,non-ml,True,https://github.com/dhaitz/matplotlib-style-configurator,MIT,2020-07-07 16:29:40,2020-07-08 16:17:14,2020-07-08 16:14:59,5.0,,,28.0,,,,"Matplotlib style configurator, built with Streamlit.",,,,8,3,17.0,,,,,
70,Sentiment Analyzer,https://github.com/patidarparas13/Sentiment-Analyzer-Tool,patidarparas13/Sentiment-Analyzer-Tool,nlp,True,https://github.com/patidarparas13/Sentiment-Analyzer-Tool,MIT,2019-10-04 03:27:28,2023-01-14 21:21:29,2019-10-04 03:44:25,17.0,1.0,1.0,28.0,,,,"It analyze the sentiment of the user, whether it is postive or negative.",,,,8,2,3.0,https://github.com/patidarparas13/Sentiment-Analyzer-Tool/raw/master/image.png,,,,
71,Covid-19 Data Explorer,https://covid19.cwerner.ai/,cwerner/covid19,sci-tech,True,https://github.com/cwerner/covid19,Apache-2.0,2020-03-07 14:09:20,2024-02-28 23:28:48,2024-02-28 23:28:48,3.0,1.0,2.0,24.0,,,,Dashboard for the COVID19 spread.,,,,9,2,31.0,https://github.com/cwerner/covid19/raw/master/assets/screenshot.png?raw=true,,,,
72,Covid Tracking,https://share.streamlit.io/panditpranav/svm_covid_tracking/main/COVID_app.py,PanditPranav/SVM_COVID_tracking,sci-tech,True,https://github.com/PanditPranav/SVM_COVID_tracking,,2020-06-14 02:48:44,2024-04-11 00:11:44,2024-04-11 00:10:20,70.0,,1.0,23.0,,,,COVID Tracking app for data in Northern California.,,,3.0,9,2,55.0,https://assets.website-files.com/5dc3d949429c1addc4f8dac2/5fb670b335879e9b9f2e71be_covid.jpg,,,,
73,Marketing Campaign App,https://github.com/Ivyw1219/Marketing_Campaign_APP,Ivyw1219/Marketing_Campaign_APP,business,True,https://github.com/ivywang-ds/Marketing_Campaign_APP,,2020-04-08 13:27:31,2020-04-08 18:53:29,2020-04-08 18:53:28,7.0,,,23.0,,,,"A streamlit APP DEMO (python, plotly).",,,,7,3,38.0,https://github.com/Ivyw1219/Marketing_Campaign_APP/raw/master/app-preview.gif,,,,ivywang-ds/Marketing_Campaign_APP
74,TensorFlow Serving + Streamlit,https://github.com/alvarobartt/tensorflow-serving-streamlit,alvarobartt/tensorflow-serving-streamlit,ml,True,https://github.com/alvarobartt/tensorflow-serving-streamlit,MIT,2021-02-14 10:44:34,2021-08-05 12:07:36,2021-08-05 12:07:36,3.0,,,22.0,,,,TensorFlow Serving + Streamlit!.,,,3.0,9,3,21.0,https://raw.githubusercontent.com/alvarobartt/tensorflow-serving-streamlit/master/ui-demo.gif,,,,
75,Deep Dream,https://github.com/streamlit/demo-deepdream,streamlit/demo-deepdream,demo,True,https://github.com/streamlit/demo-deepdream,Apache-2.0,2020-10-02 23:36:34,2023-09-14 07:27:21,2023-06-08 07:35:14,45.0,1.0,1.0,21.0,,,,A Streamlit demo demonstrating the Deep Dream technique. Adapted from the TensorFlow Deep Dream tutorial.,,,6.0,10,3,36.0,https://assets.website-files.com/5dc3b47ddc6c0c2a1af74ad0/5ede25309928736fdf811d24_5e1115355aa398cf5ffd5c4e_deep_dream_website_large.gif,,,,
76,Plant Disease Detection,https://bot-beats-ml-app.herokuapp.com/,AmeyaUpalanchi/streamlit-tensorflow-ml-app,cv,True,https://github.com/AmeyaUpalanchi/streamlit-tensorflow-ml-app,MIT,2020-08-18 10:10:36,2020-10-28 11:44:20,2020-10-28 11:44:19,16.0,1.0,1.0,21.0,,,,Web App for Plant Disease Detection using Tensorflow and streamlit.,,,,9,2,25.0,,,,,
77,Text Insights,https://github.com/robmarkcole/text-insights-app,robmarkcole/text-insights-app,cv,True,https://github.com/robmarkcole/text-insights-app,Apache-2.0,2020-05-27 02:37:50,2024-02-05 17:48:17,2024-02-05 17:48:09,9.0,3.0,1.0,20.0,2021-03-30 03:29:59,0.1,1.0,"Upload an image of a document and extract text, names, facts and figures.",,,2.0,7,2,33.0,https://github.com/robmarkcole/text-insights-app/raw/master/assets/usage.jpg,,,,
78,Board Game Exploration,https://bgexploration.herokuapp.com/,MaartenGr/boardgame,non-ml,True,https://github.com/MaartenGr/boardgame,,2019-10-21 12:45:15,2023-07-06 21:43:20,2019-11-07 06:19:07,14.0,1.0,,20.0,,,,Heroku app to explore boardgame data.,,,3.0,6,3,23.0,https://github.com/MaartenGr/boardgame/raw/master/images/streamlit_gif_large.gif,,,,
79,Apache JMeter,https://github.com/QAInsights/Streamlit-JMeter,QAInsights/Streamlit-JMeter,non-ml,True,https://github.com/QAInsights/Streamlit-JMeter,MIT,2019-12-07 22:24:19,2024-05-02 19:39:07,2019-12-24 19:55:55,12.0,1.0,1.0,19.0,,,1.0,Powering up Apache JMeter with Streamlit and opening the door for machine learning.,,,,9,2,62.0,https://github.com/QAInsights/Streamlit-JMeter/raw/master/images/About.png,,,,
80,Auto Vaidya,https://auto-vaidya.herokuapp.com/,Auto-Vaidya/auto_vaidya,sci-tech,True,https://github.com/smaranjitghose/auto_vaidya,CC0-1.0,2020-06-05 21:20:31,2023-03-24 22:10:30,2022-06-26 15:07:54,19.0,8.0,16.0,19.0,,,,An open-source project for applying deep learning to medical scenarios.,1.0,1.0,9.0,7,3,98.0,,,,,smaranjitghose/auto_vaidya
81,Resume App,http://54.147.143.114:8501/,alphadatagamma/Streamlit-Resume-App,non-ml,True,https://github.com/alphadatagamma/Streamlit-Resume-App,,2020-06-29 02:04:12,2022-07-14 15:11:50,2020-07-30 03:04:06,9.0,1.0,,19.0,,,,Interactive resume created on Streamlit and hosted on AWS EC2.,,,,5,3,14.0,,,,,
82,Help Me Read,https://github.com/Anku5hk/Help-Me-Read/tree/master/Streamlit-Version,Anku5hk/Help-Me-Read,nlp,True,https://github.com/Anku5hk/Help-Me-Read,MIT,2020-09-16 06:20:36,2021-10-11 12:54:13,2021-10-11 12:54:13,3.0,,,18.0,,,,"Awesome app created with Streamlit + HuggingFace to get summary, question-answer, translate to language from given..",,,2.0,7,3,94.0,https://github.com/Anku5hk/Help-Me-Read/raw/master/Streamlit-Version/screens/summarize.png,,,,
83,Headliner Demo,https://github.com/as-ideas/headliner-demo,as-ideas/headliner-demo,nlp,True,https://github.com/as-ideas/headliner-demo,,2019-10-16 10:54:13,2019-10-18 08:37:01,2019-10-18 08:36:56,6.0,1.0,,18.0,,,,Simple translation demo showcasing our headliner package.,,,2.0,4,3,3.0,https://github.com/as-ideas/headliner/raw/master/figures/headline_generator.png,,,,
84,HTML Table Scraper,https://github.com/CharlyWargnier/python-html-table-scraper,CharlyWargnier/python-html-table-scraper,non-ml,True,https://github.com/CharlyWargnier/python-html-table-scraper,,2020-07-10 10:43:07,2023-05-22 23:58:06,2020-07-10 13:24:02,15.0,,,16.0,,,,A simple HTML table scraper made with Python and the amazing Streamlit!.,,,,5,3,13.0,,,,,
85,Squote,https://github.com/cjwallace/squote,cjwallace/squote,nlp,True,https://github.com/cjwallace/squote,MIT,2019-10-25 00:20:21,2022-12-08 06:46:23,2020-09-30 22:57:44,1.0,,1.0,14.0,,,,Semantic search for quotes.,,,2.0,6,3,22.0,https://user-images.githubusercontent.com/6513950/67687144-bee79b80-f98f-11e9-975f-76c71207f7a0.gif,,,,
86,Covid19-Scotland,https://github.com/heyad/covid19,heyad/covid19,sci-tech,True,https://github.com/heyad/covid19,,2020-04-12 23:12:34,2020-04-22 17:09:04,2020-04-22 17:07:51,3.0,,,13.0,,,,"Load, explore and analyse data from Scotland and rest of the world related to Covid19.",,,,5,3,12.0,https://github.com/heyad/covid19/raw/master/covid19_Scotland/figures/intro.png,,,,
87,Discourse,https://share.streamlit.io/okld/streamlit-discourse-demo/main/app.py,okld/streamlit-discourse,extension,True,https://github.com/okld/streamlit-discourse,MIT,2020-12-16 22:14:54,2021-05-24 23:31:23,2021-05-24 23:31:08,1.0,,,12.0,,,,A streamlit component to embed Discourse topics in your applications.,45.0,45.0,,9,3,,https://assets.website-files.com/5dc3d949429c1addc4f8dac2/5fdbadaf22a77e5914b03977_app3.jpg,,,,
88,Face Mask Detector,https://github.com/virtualramblas/streamlit-face-mask-detector,virtualramblas/streamlit-face-mask-detector,cv,True,https://github.com/virtualramblas/streamlit-face-mask-detector,,2020-05-17 20:15:19,2023-03-25 00:38:26,2020-05-18 17:04:25,8.0,,2.0,11.0,,,,A simple Streamlit frontend for a pre-trained MobileNet CNN model + OpenCV for face mask detection in images.,,,,5,3,7.0,https://github.com/virtualramblas/streamlit-face-mask-detector/raw/master/images/demo_image.PNG,,,,
89,Disqus,https://share.streamlit.io/okld/streamlit-disqus-demo/main/app.py,okld/streamlit-disqus,extension,True,https://github.com/okld/streamlit-disqus,MIT,2020-12-10 19:10:31,2021-05-24 22:45:34,2021-05-24 22:43:55,2.0,2.0,,10.0,,,,A streamlit component to embed Disqus in your applications.,105.0,105.0,,9,3,,https://assets.website-files.com/5dc3d949429c1addc4f8dac2/5fdbadc19b3ab50d39d611dc_app2.jpg,,,,
90,Picture-lytics,https://github.com/KimaruThagna/Picture-lytics,KimaruThagna/Picture-lytics,cv,True,https://github.com/KimaruThagna/Picture-lytics,,2020-04-25 12:32:03,2023-03-25 00:37:41,2020-04-29 19:14:09,4.0,,,10.0,,,,Using Google's teachable machine to generate an image classification model and serving the model via streamlit. The..,,,2.0,5,3,21.0,,,,,
91,Galaxy Zoo,https://share.streamlit.io/mwalmsley/galaxy-poster/gz_decals_mike_walmsley.py,mwalmsley/galaxy-poster,sci-tech,True,https://github.com/mwalmsley/galaxy-poster,,2020-06-25 09:55:46,2024-04-02 18:45:35,2024-04-02 18:45:33,13.0,,,10.0,,,,Search galaxies by morphology.,,,2.0,5,3,19.0,https://pbs.twimg.com/media/EugE4y_XMAMls1_?format=jpg&name=4096x4096,,,,
92,COVID-19 in Italy,https://covid19-dashboard-it.appspot.com/,francesconazzaro/covid19-portal,sci-tech,True,https://github.com/francesconazzaro/covid19-portal,,2020-10-28 09:22:26,2022-04-06 13:46:49,2022-04-06 13:46:49,4.0,,,9.0,,,,Analyse data for COVID-19 vaccines administrations and COVID-19 infections in Italy.,,,,7,3,252.0,https://github.com/francesconazzaro/covid19-portal/raw/master/resources/covid19-hires.gif,,,,
93,Travelling Salesman,https://github.com/miclindahl/tsp-streamlit/,miclindahl/tsp-streamlit,business,True,https://github.com/miclindahl/tsp-streamlit,,2020-01-16 08:16:19,2020-01-16 08:30:54,2020-01-16 08:30:53,4.0,,,9.0,,,,Animation of solving the traveling salesman problem to optimality using mixed-integer programming and iteratively..,,,,5,3,4.0,https://github.com/miclindahl/tsp-streamlit/raw/master/tsp_subtours.gif,,,,
94,Web VR Code Generator,https://share.streamlit.io/jojo96/webvrcodegenerator/main/ar.py,jojo96/webvrcodegenerator,cv,True,https://github.com/jojo96/WebVRCodeGenerator,MIT,2021-04-20 13:50:37,2021-11-25 21:58:19,2021-11-25 21:58:19,4.0,,,8.0,,,,A simple app that generates WebVR code for scenes made using A-Frame primitives and displays the corresponding HTML..,,,,7,2,,https://github.com/jojo96/WebVRCodeGenerator/raw/main/Images/LiveAppGIF.gif,,,,
95,Music Generation,https://neuralpiano.herokuapp.com/,Sohaib90/Music_Gen_Streamlit,audio,True,https://github.com/Sohaib90/Music_Gen_Streamlit,,2020-03-31 11:15:35,2023-05-02 07:44:14,2023-05-02 07:44:07,1.0,,2.0,8.0,,,,Music Generation using Neural Networks Streamlit App.,,,3.0,5,3,62.0,,,,,
96,CLIP Playground,https://www.clipplayground.co/,JaviFuentes94/clip-playground,cv,True,https://github.com/JaviFuentes94/clip-playground,MIT,2021-02-08 07:18:49,2022-08-08 20:18:00,2022-08-08 20:17:51,4.0,2.0,,5.0,,,,A playground to try out OpenAI's CLIP model.,,,2.0,6,3,,,,,,
97,Monte Carlo for Pi,https://share.streamlit.io/mesmith027/streamlit_webapps/main/MC_pi/streamlit_app.py,mesmith027/streamlit_webapps,sci-tech,True,https://github.com/mesmith027/streamlit_webapps,,2020-10-17 16:02:26,2022-11-28 19:30:36,2022-11-28 19:30:36,21.0,,,3.0,,,,Using Monte Carlo to Estimate Pi.,,,4.0,6,3,,,,,,
98,Liverpool Analyzer,https://liverpoolanalyzer.herokuapp.com/,saeeeeru/Last-Row,non-ml,True,https://github.com/saeeeeru/Last-Row,,2020-04-27 23:36:02,2020-08-18 07:00:21,2020-08-18 06:59:06,2.0,,,3.0,,,,Last row tracking data and code.,,,4.0,5,3,46.0,,,,,
99,Material Segmentation,https://github.com/virtualramblas/streamlit-materials-segmentation-in-vessels,virtualramblas/streamlit-materials-segmentation-in-vessels,cv,True,https://github.com/virtualramblas/streamlit-materials-segmentation-in-vessels,,2021-03-27 22:45:50,2022-02-11 16:25:33,2022-02-11 16:25:33,,,,3.0,,,,"Streamlit app for detecting, segmenting and classifying materials inside mostly transparent vessels in images using a..",,,,4,3,,https://github.com/virtualramblas/streamlit-materials-segmentation-in-vessels/raw/main/demo-image.PNG,,,,
100,GloVe Explorer,https://github.com/dkajtoch/glove_streamlit,dkajtoch/glove_streamlit,nlp,True,https://github.com/dkajtoch/glove_streamlit,,2019-10-14 21:14:14,2019-10-14 21:19:49,2019-10-14 21:19:32,,,,2.0,,,,Demonstration project of using Streamlit with word embeddings.,,,,2,3,2.0,https://github.com/dkajtoch/glove_streamlit/raw/master/screenshots/streamlit_glove_001.png,,,,
101,Brain Tumor Detector,https://share.streamlit.io/manik456/brain_tumor_classifier/main/new_brain.py,manik456/brain_tumor_classifier,sci-tech,True,https://github.com/manik456/brain_tumor_classifier,,2020-12-31 13:56:51,2021-01-06 12:50:51,2021-01-06 12:50:51,1.0,,,1.0,,,,Find out whether there is a tumor in the brain (or) not by uploading the MRI of it.,,,,3,3,,https://aws1.discourse-cdn.com/business7/uploads/streamlit/optimized/2X/7/7403a602674d9dcfdb0cfc21b9a3f95e7e31c410_2_1380x776.png,,,,
102,Interactive COVID-19,https://covid19.multivacplatform.org/,,sci-tech,True,,,,,,,,,,,,,"Analyze the cumulative data of confirmed, deaths, and recovered cases over time.",,,,1,3,,,,,,
103,Zero Shot Topic Classification,https://huggingface.co/zero-shot/,,nlp,True,,,,,,,,,,,,,"This demo shows how Transformers can be used for zero-shot topic classification, the task of predicting a topic that..",,,,1,3,,,,,,
